question_id,indicator_id,indicator_name,entity,year,value,formatted_value,unit,direction,source_id,is_baseline,is_latest
Q1,extreme_poverty,Share of world population in extreme poverty,World,1990,43.4136,"43,4%",%,lower_is_better,extreme_poverty,1,0
Q1,extreme_poverty,Share of world population in extreme poverty,World,1991,43.1176,"43,1%",%,lower_is_better,extreme_poverty,0,0
Q1,extreme_poverty,Share of world population in extreme poverty,World,1992,42.5091,"42,5%",%,lower_is_better,extreme_poverty,0,0
Q1,extreme_poverty,Share of world population in extreme poverty,World,1993,42.0564,"42,1%",%,lower_is_better,extreme_poverty,0,0
Q1,extreme_poverty,Share of world population in extreme poverty,World,1994,40.7329,"40,7%",%,lower_is_better,extreme_poverty,0,0
Q1,extreme_poverty,Share of world population in extreme poverty,World,1995,39.4042,"39,4%",%,lower_is_better,extreme_poverty,0,0
Q1,extreme_poverty,Share of world population in extreme poverty,World,1996,38.0744,"38,1%",%,lower_is_better,extreme_poverty,0,0
Q1,extreme_poverty,Share of world population in extreme poverty,World,1997,37.6888,"37,7%",%,lower_is_better,extreme_poverty,0,0
Q1,extreme_poverty,Share of world population in extreme poverty,World,1998,37.9173,"37,9%",%,lower_is_better,extreme_poverty,0,0
Q1,extreme_poverty,Share of world population in extreme poverty,World,1999,37.3256,"37,3%",%,lower_is_better,extreme_poverty,0,0
Q1,extreme_poverty,Share of world population in extreme poverty,World,2000,36.2049,"36,2%",%,lower_is_better,extreme_poverty,0,0
Q1,extreme_poverty,Share of world population in extreme poverty,World,2001,35.2544,"35,3%",%,lower_is_better,extreme_poverty,0,0
Q1,extreme_poverty,Share of world population in extreme poverty,World,2002,33.7397,"33,7%",%,lower_is_better,extreme_poverty,0,0
Q1,extreme_poverty,Share of world population in extreme poverty,World,2003,32.1549,"32,2%",%,lower_is_better,extreme_poverty,0,0
Q1,extreme_poverty,Share of world population in extreme poverty,World,2004,30.2623,"30,3%",%,lower_is_better,extreme_poverty,0,0
Q1,extreme_poverty,Share of world population in extreme poverty,World,2005,28.3297,"28,3%",%,lower_is_better,extreme_poverty,0,0
Q1,extreme_poverty,Share of world population in extreme poverty,World,2006,26.9924,"27,0%",%,lower_is_better,extreme_poverty,0,0
Q1,extreme_poverty,Share of world population in extreme poverty,World,2007,25.2853,"25,3%",%,lower_is_better,extreme_poverty,0,0
Q1,extreme_poverty,Share of world population in extreme poverty,World,2008,24.1383,"24,1%",%,lower_is_better,extreme_poverty,0,0
Q1,extreme_poverty,Share of world population in extreme poverty,World,2009,23.0602,"23,1%",%,lower_is_better,extreme_poverty,0,0
Q1,extreme_poverty,Share of world population in extreme poverty,World,2010,20.984,"21,0%",%,lower_is_better,extreme_poverty,0,0
Q1,extreme_poverty,Share of world population in extreme poverty,World,2011,19.1019,"19,1%",%,lower_is_better,extreme_poverty,0,0
Q1,extreme_poverty,Share of world population in extreme poverty,World,2012,17.8252,"17,8%",%,lower_is_better,extreme_poverty,0,0
Q1,extreme_poverty,Share of world population in extreme poverty,World,2013,15.5039,"15,5%",%,lower_is_better,extreme_poverty,0,0
Q1,extreme_poverty,Share of world population in extreme poverty,World,2014,14.5075,"14,5%",%,lower_is_better,extreme_poverty,0,0
Q1,extreme_poverty,Share of world population in extreme poverty,World,2015,13.4216,"13,4%",%,lower_is_better,extreme_poverty,0,0
Q1,extreme_poverty,Share of world population in extreme poverty,World,2016,12.5737,"12,6%",%,lower_is_better,extreme_poverty,0,0
Q1,extreme_poverty,Share of world population in extreme poverty,World,2017,11.7932,"11,8%",%,lower_is_better,extreme_poverty,0,0
Q1,extreme_poverty,Share of world population in extreme poverty,World,2018,11.1189,"11,1%",%,lower_is_better,extreme_poverty,0,0
Q1,extreme_poverty,Share of world population in extreme poverty,World,2019,10.7633,"10,8%",%,lower_is_better,extreme_poverty,0,0
Q1,extreme_poverty,Share of world population in extreme poverty,World,2020,11.4119,"11,4%",%,lower_is_better,extreme_poverty,0,0
Q1,extreme_poverty,Share of world population in extreme poverty,World,2021,11.3269,"11,3%",%,lower_is_better,extreme_poverty,0,0
Q1,extreme_poverty,Share of world population in extreme poverty,World,2022,10.8887,"10,9%",%,lower_is_better,extreme_poverty,0,0
Q1,extreme_poverty,Share of world population in extreme poverty,World,2023,10.6182,"10,6%",%,lower_is_better,extreme_poverty,0,0
Q1,extreme_poverty,Share of world population in extreme poverty,World,2024,10.4002,"10,4%",%,lower_is_better,extreme_poverty,0,0
Q1,extreme_poverty,Share of world population in extreme poverty,World,2025,10.1967,"10,2%",%,lower_is_better,extreme_poverty,0,0
Q1,extreme_poverty,Share of world population in extreme poverty,World,2026,9.9759,"10,0%",%,lower_is_better,extreme_poverty,0,1
Q2,life_expectancy,World life expectancy at birth,World,1770,28.5,"28,5 anos",years,higher_is_better,life_expectancy,0,0
Q2,life_expectancy,World life expectancy at birth,World,1800,28.5,"28,5 anos",years,higher_is_better,life_expectancy,0,0
Q2,life_expectancy,World life expectancy at birth,World,1820,29.0,"29,0 anos",years,higher_is_better,life_expectancy,0,0
Q2,life_expectancy,World life expectancy at birth,World,1850,29.3,"29,3 anos",years,higher_is_better,life_expectancy,0,0
Q2,life_expectancy,World life expectancy at birth,World,1870,29.7,"29,7 anos",years,higher_is_better,life_expectancy,0,0
Q2,life_expectancy,World life expectancy at birth,World,1900,32.0,"32,0 anos",years,higher_is_better,life_expectancy,0,0
Q2,life_expectancy,World life expectancy at birth,World,1913,34.1,"34,1 anos",years,higher_is_better,life_expectancy,0,0
Q2,life_expectancy,World life expectancy at birth,World,1950,46.3944,"46,4 anos",years,higher_is_better,life_expectancy,1,0
Q2,life_expectancy,World life expectancy at birth,World,1951,47.1259,"47,1 anos",years,higher_is_better,life_expectancy,0,0
Q2,life_expectancy,World life expectancy at birth,World,1952,48.2183,"48,2 anos",years,higher_is_better,life_expectancy,0,0
Q2,life_expectancy,World life expectancy at birth,World,1953,48.809,"48,8 anos",years,higher_is_better,life_expectancy,0,0
Q2,life_expectancy,World life expectancy at birth,World,1954,49.6514,"49,7 anos",years,higher_is_better,life_expectancy,0,0
Q2,life_expectancy,World life expectancy at birth,World,1955,50.2055,"50,2 anos",years,higher_is_better,life_expectancy,0,0
Q2,life_expectancy,World life expectancy at birth,World,1956,50.7373,"50,7 anos",years,higher_is_better,life_expectancy,0,0
Q2,life_expectancy,World life expectancy at birth,World,1957,51.0636,"51,1 anos",years,higher_is_better,life_expectancy,0,0
Q2,life_expectancy,World life expectancy at birth,World,1958,51.6151,"51,6 anos",years,higher_is_better,life_expectancy,0,0
Q2,life_expectancy,World life expectancy at birth,World,1959,49.5818,"49,6 anos",years,higher_is_better,life_expectancy,0,0
Q2,life_expectancy,World life expectancy at birth,World,1960,47.8198,"47,8 anos",years,higher_is_better,life_expectancy,0,0
Q2,life_expectancy,World life expectancy at birth,World,1961,50.3459,"50,3 anos",years,higher_is_better,life_expectancy,0,0
Q2,life_expectancy,World life expectancy at birth,World,1962,53.2416,"53,2 anos",years,higher_is_better,life_expectancy,0,0
Q2,life_expectancy,World life expectancy at birth,World,1963,53.7161,"53,7 anos",years,higher_is_better,life_expectancy,0,0
Q2,life_expectancy,World life expectancy at birth,World,1964,54.2603,"54,3 anos",years,higher_is_better,life_expectancy,0,0
Q2,life_expectancy,World life expectancy at birth,World,1965,53.9975,"54,0 anos",years,higher_is_better,life_expectancy,0,0
Q2,life_expectancy,World life expectancy at birth,World,1966,54.5644,"54,6 anos",years,higher_is_better,life_expectancy,0,0
Q2,life_expectancy,World life expectancy at birth,World,1967,55.0678,"55,1 anos",years,higher_is_better,life_expectancy,0,0
Q2,life_expectancy,World life expectancy at birth,World,1968,55.6181,"55,6 anos",years,higher_is_better,life_expectancy,0,0
Q2,life_expectancy,World life expectancy at birth,World,1969,55.9999,"56,0 anos",years,higher_is_better,life_expectancy,0,0
Q2,life_expectancy,World life expectancy at birth,World,1970,56.2664,"56,3 anos",years,higher_is_better,life_expectancy,0,0
Q2,life_expectancy,World life expectancy at birth,World,1971,56.0193,"56,0 anos",years,higher_is_better,life_expectancy,0,0
Q2,life_expectancy,World life expectancy at birth,World,1972,57.2155,"57,2 anos",years,higher_is_better,life_expectancy,0,0
Q2,life_expectancy,World life expectancy at birth,World,1973,57.6923,"57,7 anos",years,higher_is_better,life_expectancy,0,0
Q2,life_expectancy,World life expectancy at birth,World,1974,58.0614,"58,1 anos",years,higher_is_better,life_expectancy,0,0
Q2,life_expectancy,World life expectancy at birth,World,1975,58.2681,"58,3 anos",years,higher_is_better,life_expectancy,0,0
Q2,life_expectancy,World life expectancy at birth,World,1976,58.5754,"58,6 anos",years,higher_is_better,life_expectancy,0,0
Q2,life_expectancy,World life expectancy at birth,World,1977,59.1539,"59,2 anos",years,higher_is_better,life_expectancy,0,0
Q2,life_expectancy,World life expectancy at birth,World,1978,59.5129,"59,5 anos",years,higher_is_better,life_expectancy,0,0
Q2,life_expectancy,World life expectancy at birth,World,1979,60.1571,"60,2 anos",years,higher_is_better,life_expectancy,0,0
Q2,life_expectancy,World life expectancy at birth,World,1980,60.502,"60,5 anos",years,higher_is_better,life_expectancy,0,0
Q2,life_expectancy,World life expectancy at birth,World,1981,60.9187,"60,9 anos",years,higher_is_better,life_expectancy,0,0
Q2,life_expectancy,World life expectancy at birth,World,1982,61.3435,"61,3 anos",years,higher_is_better,life_expectancy,0,0
Q2,life_expectancy,World life expectancy at birth,World,1983,61.5211,"61,5 anos",years,higher_is_better,life_expectancy,0,0
Q2,life_expectancy,World life expectancy at birth,World,1984,61.8663,"61,9 anos",years,higher_is_better,life_expectancy,0,0
Q2,life_expectancy,World life expectancy at birth,World,1985,62.2092,"62,2 anos",years,higher_is_better,life_expectancy,0,0
Q2,life_expectancy,World life expectancy at birth,World,1986,62.7297,"62,7 anos",years,higher_is_better,life_expectancy,0,0
Q2,life_expectancy,World life expectancy at birth,World,1987,63.1809,"63,2 anos",years,higher_is_better,life_expectancy,0,0
Q2,life_expectancy,World life expectancy at birth,World,1988,63.3672,"63,4 anos",years,higher_is_better,life_expectancy,0,0
Q2,life_expectancy,World life expectancy at birth,World,1989,63.7817,"63,8 anos",years,higher_is_better,life_expectancy,0,0
Q2,life_expectancy,World life expectancy at birth,World,1990,63.955,"64,0 anos",years,higher_is_better,life_expectancy,0,0
Q2,life_expectancy,World life expectancy at birth,World,1991,64.0642,"64,1 anos",years,higher_is_better,life_expectancy,0,0
Q2,life_expectancy,World life expectancy at birth,World,1992,64.2879,"64,3 anos",years,higher_is_better,life_expectancy,0,0
Q2,life_expectancy,World life expectancy at birth,World,1993,64.4334,"64,4 anos",years,higher_is_better,life_expectancy,0,0
Q2,life_expectancy,World life expectancy at birth,World,1994,64.2995,"64,3 anos",years,higher_is_better,life_expectancy,0,0
Q2,life_expectancy,World life expectancy at birth,World,1995,64.8817,"64,9 anos",years,higher_is_better,life_expectancy,0,0
Q2,life_expectancy,World life expectancy at birth,World,1996,65.1995,"65,2 anos",years,higher_is_better,life_expectancy,0,0
Q2,life_expectancy,World life expectancy at birth,World,1997,65.5406,"65,5 anos",years,higher_is_better,life_expectancy,0,0
Q2,life_expectancy,World life expectancy at birth,World,1998,65.7408,"65,7 anos",years,higher_is_better,life_expectancy,0,0
Q2,life_expectancy,World life expectancy at birth,World,1999,66.0412,"66,0 anos",years,higher_is_better,life_expectancy,0,0
Q2,life_expectancy,World life expectancy at birth,World,2000,66.4333,"66,4 anos",years,higher_is_better,life_expectancy,0,0
Q2,life_expectancy,World life expectancy at birth,World,2001,66.7531,"66,8 anos",years,higher_is_better,life_expectancy,0,0
Q2,life_expectancy,World life expectancy at birth,World,2002,67.068,"67,1 anos",years,higher_is_better,life_expectancy,0,0
Q2,life_expectancy,World life expectancy at birth,World,2003,67.4015,"67,4 anos",years,higher_is_better,life_expectancy,0,0
Q2,life_expectancy,World life expectancy at birth,World,2004,67.7449,"67,7 anos",years,higher_is_better,life_expectancy,0,0
Q2,life_expectancy,World life expectancy at birth,World,2005,68.1405,"68,1 anos",years,higher_is_better,life_expectancy,0,0
Q2,life_expectancy,World life expectancy at birth,World,2006,68.6137,"68,6 anos",years,higher_is_better,life_expectancy,0,0
Q2,life_expectancy,World life expectancy at birth,World,2007,69.0316,"69,0 anos",years,higher_is_better,life_expectancy,0,0
Q2,life_expectancy,World life expectancy at birth,World,2008,69.3017,"69,3 anos",years,higher_is_better,life_expectancy,0,0
Q2,life_expectancy,World life expectancy at birth,World,2009,69.6812,"69,7 anos",years,higher_is_better,life_expectancy,0,0
Q2,life_expectancy,World life expectancy at birth,World,2010,70.089,"70,1 anos",years,higher_is_better,life_expectancy,0,0
Q2,life_expectancy,World life expectancy at birth,World,2011,70.4033,"70,4 anos",years,higher_is_better,life_expectancy,0,0
Q2,life_expectancy,World life expectancy at birth,World,2012,70.824,"70,8 anos",years,higher_is_better,life_expectancy,0,0
Q2,life_expectancy,World life expectancy at birth,World,2013,71.1417,"71,1 anos",years,higher_is_better,life_expectancy,0,0
Q2,life_expectancy,World life expectancy at birth,World,2014,71.4038,"71,4 anos",years,higher_is_better,life_expectancy,0,0
Q2,life_expectancy,World life expectancy at birth,World,2015,71.606,"71,6 anos",years,higher_is_better,life_expectancy,0,0
Q2,life_expectancy,World life expectancy at birth,World,2016,71.8768,"71,9 anos",years,higher_is_better,life_expectancy,0,0
Q2,life_expectancy,World life expectancy at birth,World,2017,72.067,"72,1 anos",years,higher_is_better,life_expectancy,0,0
Q2,life_expectancy,World life expectancy at birth,World,2018,72.3885,"72,4 anos",years,higher_is_better,life_expectancy,0,0
Q2,life_expectancy,World life expectancy at birth,World,2019,72.6093,"72,6 anos",years,higher_is_better,life_expectancy,0,0
Q2,life_expectancy,World life expectancy at birth,World,2020,71.9166,"71,9 anos",years,higher_is_better,life_expectancy,0,0
Q2,life_expectancy,World life expectancy at birth,World,2021,70.865,"70,9 anos",years,higher_is_better,life_expectancy,0,0
Q2,life_expectancy,World life expectancy at birth,World,2022,72.6398,"72,6 anos",years,higher_is_better,life_expectancy,0,0
Q2,life_expectancy,World life expectancy at birth,World,2023,73.1694,"73,2 anos",years,higher_is_better,life_expectancy,0,1
Q3,child_mortality,World under-5 mortality rate,World,1980,11.8471,"11,8 por 100",deaths per 100 live births,lower_is_better,child_mortality,1,0
Q3,child_mortality,World under-5 mortality rate,World,1981,11.503,"11,5 por 100",deaths per 100 live births,lower_is_better,child_mortality,0,0
Q3,child_mortality,World under-5 mortality rate,World,1982,11.1796,"11,2 por 100",deaths per 100 live births,lower_is_better,child_mortality,0,0
Q3,child_mortality,World under-5 mortality rate,World,1983,11.0909,"11,1 por 100",deaths per 100 live births,lower_is_better,child_mortality,0,0
Q3,child_mortality,World under-5 mortality rate,World,1984,10.8886,"10,9 por 100",deaths per 100 live births,lower_is_better,child_mortality,0,0
Q3,child_mortality,World under-5 mortality rate,World,1985,10.6214,"10,6 por 100",deaths per 100 live births,lower_is_better,child_mortality,0,0
Q3,child_mortality,World under-5 mortality rate,World,1986,10.3077,"10,3 por 100",deaths per 100 live births,lower_is_better,child_mortality,0,0
Q3,child_mortality,World under-5 mortality rate,World,1987,9.9388,"9,9 por 100",deaths per 100 live births,lower_is_better,child_mortality,0,0
Q3,child_mortality,World under-5 mortality rate,World,1988,9.8671,"9,9 por 100",deaths per 100 live births,lower_is_better,child_mortality,0,0
Q3,child_mortality,World under-5 mortality rate,World,1989,9.5474,"9,5 por 100",deaths per 100 live births,lower_is_better,child_mortality,0,0
Q3,child_mortality,World under-5 mortality rate,World,1990,9.3582,"9,4 por 100",deaths per 100 live births,lower_is_better,child_mortality,0,0
Q3,child_mortality,World under-5 mortality rate,World,1991,9.3311,"9,3 por 100",deaths per 100 live births,lower_is_better,child_mortality,0,0
Q3,child_mortality,World under-5 mortality rate,World,1992,9.2693,"9,3 por 100",deaths per 100 live births,lower_is_better,child_mortality,0,0
Q3,child_mortality,World under-5 mortality rate,World,1993,9.078,"9,1 por 100",deaths per 100 live births,lower_is_better,child_mortality,0,0
Q3,child_mortality,World under-5 mortality rate,World,1994,8.9617,"9,0 por 100",deaths per 100 live births,lower_is_better,child_mortality,0,0
Q3,child_mortality,World under-5 mortality rate,World,1995,8.7752,"8,8 por 100",deaths per 100 live births,lower_is_better,child_mortality,0,0
Q3,child_mortality,World under-5 mortality rate,World,1996,8.5954,"8,6 por 100",deaths per 100 live births,lower_is_better,child_mortality,0,0
Q3,child_mortality,World under-5 mortality rate,World,1997,8.3969,"8,4 por 100",deaths per 100 live births,lower_is_better,child_mortality,0,0
Q3,child_mortality,World under-5 mortality rate,World,1998,8.2287,"8,2 por 100",deaths per 100 live births,lower_is_better,child_mortality,0,0
Q3,child_mortality,World under-5 mortality rate,World,1999,7.9349,"7,9 por 100",deaths per 100 live births,lower_is_better,child_mortality,0,0
Q3,child_mortality,World under-5 mortality rate,World,2000,7.6672,"7,7 por 100",deaths per 100 live births,lower_is_better,child_mortality,0,0
Q3,child_mortality,World under-5 mortality rate,World,2001,7.4098,"7,4 por 100",deaths per 100 live births,lower_is_better,child_mortality,0,0
Q3,child_mortality,World under-5 mortality rate,World,2002,7.1482,"7,1 por 100",deaths per 100 live births,lower_is_better,child_mortality,0,0
Q3,child_mortality,World under-5 mortality rate,World,2003,6.8606,"6,9 por 100",deaths per 100 live births,lower_is_better,child_mortality,0,0
Q3,child_mortality,World under-5 mortality rate,World,2004,6.6216,"6,6 por 100",deaths per 100 live births,lower_is_better,child_mortality,0,0
Q3,child_mortality,World under-5 mortality rate,World,2005,6.3328,"6,3 por 100",deaths per 100 live births,lower_is_better,child_mortality,0,0
Q3,child_mortality,World under-5 mortality rate,World,2006,6.0621,"6,1 por 100",deaths per 100 live births,lower_is_better,child_mortality,0,0
Q3,child_mortality,World under-5 mortality rate,World,2007,5.8047,"5,8 por 100",deaths per 100 live births,lower_is_better,child_mortality,0,0
Q3,child_mortality,World under-5 mortality rate,World,2008,5.5801,"5,6 por 100",deaths per 100 live births,lower_is_better,child_mortality,0,0
Q3,child_mortality,World under-5 mortality rate,World,2009,5.4024,"5,4 por 100",deaths per 100 live births,lower_is_better,child_mortality,0,0
Q3,child_mortality,World under-5 mortality rate,World,2010,5.171,"5,2 por 100",deaths per 100 live births,lower_is_better,child_mortality,0,0
Q3,child_mortality,World under-5 mortality rate,World,2011,5.0624,"5,1 por 100",deaths per 100 live births,lower_is_better,child_mortality,0,0
Q3,child_mortality,World under-5 mortality rate,World,2012,4.7816,"4,8 por 100",deaths per 100 live births,lower_is_better,child_mortality,0,0
Q3,child_mortality,World under-5 mortality rate,World,2013,4.6119,"4,6 por 100",deaths per 100 live births,lower_is_better,child_mortality,0,0
Q3,child_mortality,World under-5 mortality rate,World,2014,4.4882,"4,5 por 100",deaths per 100 live births,lower_is_better,child_mortality,0,0
Q3,child_mortality,World under-5 mortality rate,World,2015,4.3722,"4,4 por 100",deaths per 100 live births,lower_is_better,child_mortality,0,0
Q3,child_mortality,World under-5 mortality rate,World,2016,4.2401,"4,2 por 100",deaths per 100 live births,lower_is_better,child_mortality,0,0
Q3,child_mortality,World under-5 mortality rate,World,2017,4.1317,"4,1 por 100",deaths per 100 live births,lower_is_better,child_mortality,0,0
Q3,child_mortality,World under-5 mortality rate,World,2018,4.0175,"4,0 por 100",deaths per 100 live births,lower_is_better,child_mortality,0,0
Q3,child_mortality,World under-5 mortality rate,World,2019,3.9472,"3,9 por 100",deaths per 100 live births,lower_is_better,child_mortality,0,0
Q3,child_mortality,World under-5 mortality rate,World,2020,3.8738,"3,9 por 100",deaths per 100 live births,lower_is_better,child_mortality,0,0
Q3,child_mortality,World under-5 mortality rate,World,2021,3.824,"3,8 por 100",deaths per 100 live births,lower_is_better,child_mortality,0,0
Q3,child_mortality,World under-5 mortality rate,World,2022,3.8249,"3,8 por 100",deaths per 100 live births,lower_is_better,child_mortality,0,0
Q3,child_mortality,World under-5 mortality rate,World,2023,3.6719,"3,7 por 100",deaths per 100 live births,lower_is_better,child_mortality,0,1
Q4,adult_literacy,World adult literacy rate,World,1976,65.6589,"65,7%",%,higher_is_better,adult_literacy,1,0
Q4,adult_literacy,World adult literacy rate,World,1977,65.9493,"65,9%",%,higher_is_better,adult_literacy,0,0
Q4,adult_literacy,World adult literacy rate,World,1978,66.5722,"66,6%",%,higher_is_better,adult_literacy,0,0
Q4,adult_literacy,World adult literacy rate,World,1979,67.2339,"67,2%",%,higher_is_better,adult_literacy,0,0
Q4,adult_literacy,World adult literacy rate,World,1980,67.8477,"67,8%",%,higher_is_better,adult_literacy,0,0
Q4,adult_literacy,World adult literacy rate,World,1981,68.4507,"68,5%",%,higher_is_better,adult_literacy,0,0
Q4,adult_literacy,World adult literacy rate,World,1982,69.0423,"69,0%",%,higher_is_better,adult_literacy,0,0
Q4,adult_literacy,World adult literacy rate,World,1983,69.6115,"69,6%",%,higher_is_better,adult_literacy,0,0
Q4,adult_literacy,World adult literacy rate,World,1984,70.2725,"70,3%",%,higher_is_better,adult_literacy,0,0
Q4,adult_literacy,World adult literacy rate,World,1985,70.8645,"70,9%",%,higher_is_better,adult_literacy,0,0
Q4,adult_literacy,World adult literacy rate,World,1986,71.4162,"71,4%",%,higher_is_better,adult_literacy,0,0
Q4,adult_literacy,World adult literacy rate,World,1987,72.1095,"72,1%",%,higher_is_better,adult_literacy,0,0
Q4,adult_literacy,World adult literacy rate,World,1988,73.8242,"73,8%",%,higher_is_better,adult_literacy,0,0
Q4,adult_literacy,World adult literacy rate,World,1989,74.3469,"74,3%",%,higher_is_better,adult_literacy,0,0
Q4,adult_literacy,World adult literacy rate,World,1990,74.907,"74,9%",%,higher_is_better,adult_literacy,0,0
Q4,adult_literacy,World adult literacy rate,World,1991,75.2865,"75,3%",%,higher_is_better,adult_literacy,0,0
Q4,adult_literacy,World adult literacy rate,World,1992,75.6943,"75,7%",%,higher_is_better,adult_literacy,0,0
Q4,adult_literacy,World adult literacy rate,World,1993,76.1025,"76,1%",%,higher_is_better,adult_literacy,0,0
Q4,adult_literacy,World adult literacy rate,World,1994,76.5015,"76,5%",%,higher_is_better,adult_literacy,0,0
Q4,adult_literacy,World adult literacy rate,World,1995,76.9119,"76,9%",%,higher_is_better,adult_literacy,0,0
Q4,adult_literacy,World adult literacy rate,World,1996,77.2963,"77,3%",%,higher_is_better,adult_literacy,0,0
Q4,adult_literacy,World adult literacy rate,World,1997,79.2884,"79,3%",%,higher_is_better,adult_literacy,0,0
Q4,adult_literacy,World adult literacy rate,World,1998,80.4687,"80,5%",%,higher_is_better,adult_literacy,0,0
Q4,adult_literacy,World adult literacy rate,World,1999,80.806,"80,8%",%,higher_is_better,adult_literacy,0,0
Q4,adult_literacy,World adult literacy rate,World,2000,80.9792,"81,0%",%,higher_is_better,adult_literacy,0,0
Q4,adult_literacy,World adult literacy rate,World,2001,81.286,"81,3%",%,higher_is_better,adult_literacy,0,0
Q4,adult_literacy,World adult literacy rate,World,2002,81.6402,"81,6%",%,higher_is_better,adult_literacy,0,0
Q4,adult_literacy,World adult literacy rate,World,2003,82.1143,"82,1%",%,higher_is_better,adult_literacy,0,0
Q4,adult_literacy,World adult literacy rate,World,2004,82.4473,"82,4%",%,higher_is_better,adult_literacy,0,0
Q4,adult_literacy,World adult literacy rate,World,2005,82.4548,"82,5%",%,higher_is_better,adult_literacy,0,0
Q4,adult_literacy,World adult literacy rate,World,2006,82.4253,"82,4%",%,higher_is_better,adult_literacy,0,0
Q4,adult_literacy,World adult literacy rate,World,2007,83.0118,"83,0%",%,higher_is_better,adult_literacy,0,0
Q4,adult_literacy,World adult literacy rate,World,2008,83.3855,"83,4%",%,higher_is_better,adult_literacy,0,0
Q4,adult_literacy,World adult literacy rate,World,2009,83.6087,"83,6%",%,higher_is_better,adult_literacy,0,0
Q4,adult_literacy,World adult literacy rate,World,2010,84.2272,"84,2%",%,higher_is_better,adult_literacy,0,0
Q4,adult_literacy,World adult literacy rate,World,2011,84.4108,"84,4%",%,higher_is_better,adult_literacy,0,0
Q4,adult_literacy,World adult literacy rate,World,2012,84.6014,"84,6%",%,higher_is_better,adult_literacy,0,0
Q4,adult_literacy,World adult literacy rate,World,2013,84.9031,"84,9%",%,higher_is_better,adult_literacy,0,0
Q4,adult_literacy,World adult literacy rate,World,2014,85.2864,"85,3%",%,higher_is_better,adult_literacy,0,0
Q4,adult_literacy,World adult literacy rate,World,2015,85.6789,"85,7%",%,higher_is_better,adult_literacy,0,0
Q4,adult_literacy,World adult literacy rate,World,2016,86.0001,"86,0%",%,higher_is_better,adult_literacy,0,0
Q4,adult_literacy,World adult literacy rate,World,2017,86.177,"86,2%",%,higher_is_better,adult_literacy,0,0
Q4,adult_literacy,World adult literacy rate,World,2018,86.4375,"86,4%",%,higher_is_better,adult_literacy,0,0
Q4,adult_literacy,World adult literacy rate,World,2019,86.5479,"86,5%",%,higher_is_better,adult_literacy,0,0
Q4,adult_literacy,World adult literacy rate,World,2020,86.7475,"86,7%",%,higher_is_better,adult_literacy,0,0
Q4,adult_literacy,World adult literacy rate,World,2021,86.9275,"86,9%",%,higher_is_better,adult_literacy,0,0
Q4,adult_literacy,World adult literacy rate,World,2022,87.1554,"87,2%",%,higher_is_better,adult_literacy,0,0
Q4,adult_literacy,World adult literacy rate,World,2023,87.356,"87,4%",%,higher_is_better,adult_literacy,0,1
Q5,electricity_access,World population with access to electricity,World,1998,73.1962,"73,2%",%,higher_is_better,electricity_access,1,0
Q5,electricity_access,World population with access to electricity,World,1999,74.5032,"74,5%",%,higher_is_better,electricity_access,0,0
Q5,electricity_access,World population with access to electricity,World,2000,78.2214,"78,2%",%,higher_is_better,electricity_access,0,0
Q5,electricity_access,World population with access to electricity,World,2001,78.7152,"78,7%",%,higher_is_better,electricity_access,0,0
Q5,electricity_access,World population with access to electricity,World,2002,79.1008,"79,1%",%,higher_is_better,electricity_access,0,0
Q5,electricity_access,World population with access to electricity,World,2003,79.9649,"80,0%",%,higher_is_better,electricity_access,0,0
Q5,electricity_access,World population with access to electricity,World,2004,79.9522,"80,0%",%,higher_is_better,electricity_access,0,0
Q5,electricity_access,World population with access to electricity,World,2005,80.7013,"80,7%",%,higher_is_better,electricity_access,0,0
Q5,electricity_access,World population with access to electricity,World,2006,81.3535,"81,4%",%,higher_is_better,electricity_access,0,0
Q5,electricity_access,World population with access to electricity,World,2007,81.9712,"82,0%",%,higher_is_better,electricity_access,0,0
Q5,electricity_access,World population with access to electricity,World,2008,82.6682,"82,7%",%,higher_is_better,electricity_access,0,0
Q5,electricity_access,World population with access to electricity,World,2009,82.8658,"82,9%",%,higher_is_better,electricity_access,0,0
Q5,electricity_access,World population with access to electricity,World,2010,83.4471,"83,4%",%,higher_is_better,electricity_access,0,0
Q5,electricity_access,World population with access to electricity,World,2011,84.5062,"84,5%",%,higher_is_better,electricity_access,0,0
Q5,electricity_access,World population with access to electricity,World,2012,84.9363,"84,9%",%,higher_is_better,electricity_access,0,0
Q5,electricity_access,World population with access to electricity,World,2013,85.7107,"85,7%",%,higher_is_better,electricity_access,0,0
Q5,electricity_access,World population with access to electricity,World,2014,86.1956,"86,2%",%,higher_is_better,electricity_access,0,0
Q5,electricity_access,World population with access to electricity,World,2015,86.924,"86,9%",%,higher_is_better,electricity_access,0,0
Q5,electricity_access,World population with access to electricity,World,2016,88.1045,"88,1%",%,higher_is_better,electricity_access,0,0
Q5,electricity_access,World population with access to electricity,World,2017,88.9318,"88,9%",%,higher_is_better,electricity_access,0,0
Q5,electricity_access,World population with access to electricity,World,2018,89.7974,"89,8%",%,higher_is_better,electricity_access,0,0
Q5,electricity_access,World population with access to electricity,World,2019,90.1084,"90,1%",%,higher_is_better,electricity_access,0,0
Q5,electricity_access,World population with access to electricity,World,2020,90.3957,"90,4%",%,higher_is_better,electricity_access,0,0
Q5,electricity_access,World population with access to electricity,World,2021,91.3343,"91,3%",%,higher_is_better,electricity_access,0,0
Q5,electricity_access,World population with access to electricity,World,2022,91.2883,"91,3%",%,higher_is_better,electricity_access,0,0
Q5,electricity_access,World population with access to electricity,World,2023,91.5992,"91,6%",%,higher_is_better,electricity_access,0,1
